name,datetime,temp,feelslike,dew,humidity,precip,precipprob,preciptype,snow,snowdepth,windgust,windspeed,winddir,sealevelpressure,cloudcover,visibility,solarradiation,solarenergy,uvindex,severerisk,conditions,icon,stations
"Marseille, Provence-Alpes-Côte d'Azur, France",2022-12-13T00:00:00,5.8,2.4,3.1,82.7,0,0,rain,0,0,41.4,17.8,80,1002.5,100,10,0,,0,10,Overcast,cloudy,"LFMY,LFMI,LFML,LFTH"
"Marseille, Provence-Alpes-Côte d'Azur, France",2022-12-13T01:00:00,5.6,2.5,3.2,84.43,0,0,rain,0,0,46.4,15.1,69,1002.4,100,10,0,,0,10,Overcast,cloudy,"LFMY,LFMI,LFML,LFTH"
"Marseille, Provence-Alpes-Côte d'Azur, France",2022-12-13T02:00:00,5.6,2.4,3.7,87.34,0,0,rain,0,0,37.4,16.3,63,1002.9,100,10,0,,0,10,Overcast,cloudy,"LFMY,LFMI,LFML,LFTH"
"Marseille, Provence-Alpes-Côte d'Azur, France",2022-12-13T03:00:00,6.4,3.9,4,84.61,0,0,rain,0,0,35.3,12.5,76,1003.1,100,9.9,0,,0,10,Overcast,cloudy,"LFMY,LFMI,LFML,LFTH"
"Marseille, Provence-Alpes-Côte d'Azur, France",2022-12-13T04:00:00,6.8,4.3,4,82.47,0.2,100,rain,0,0,25.2,12.9,75,1002.9,100,10,0,,0,10,"Rain, Overcast",rain,"LFMY,LFMI,LFML,LFTH"
"Marseille, Provence-Alpes-Côte d'Azur, France",2022-12-13T05:00:00,6.7,4.5,4.2,84.19,0,0,rain,0,0,34.2,11.2,53,1002.1,90.7,10,0,,0,10,Overcast,cloudy,"LFMY,LFMI,LFML,LFTH"
"Marseille, Provence-Alpes-Côte d'Azur, France",2022-12-13T06:00:00,6.7,3.7,5,88.97,0,0,rain,0,0,40.3,16.2,48,1002.1,96.3,10,0,,0,10,Overcast,cloudy,"LFMY,LFMI,LFML,LFTH"
"Marseille, Provence-Alpes-Côte d'Azur, France",2022-12-13T07:00:00,6.7,4.4,5,88.97,0,0,rain,0,0,54.7,11.7,68,1002.3,90.7,9.5,0,,0,10,Overcast,cloudy,"LFMY,LFMI,LFML,LFTH"
"Marseille, Provence-Alpes-Côte d'Azur, France",2022-12-13T08:00:00,6.7,4.5,5.8,93.9,0.3,100,rain,0,0,59.8,10.8,21,1003.1,90.7,8.5,0,,0,10,"Rain, Overcast",rain,"LFMY,LFMI,LFML,LFTH"
"Marseille, Provence-Alpes-Côte d'Azur, France",2022-12-13T09:00:00,6.9,4.6,5.8,92.95,0.3,100,rain,0,0,56.9,11.9,76,1004.1,100,9,12,0,0,10,"Rain, Overcast",rain,"LFMY,LFMI,E6174,LFML,LFTH"
"Marseille, Provence-Alpes-Côte d'Azur, France",2022-12-13T10:00:00,7.5,5.3,6,90.42,0.6,0,rain,0,0,54,12,119.4,1005.1,90.7,8.9,28,0.1,0,10,Overcast,cloudy,"LFMY,LFMI,E6174,LFML,LFTH"
"Marseille, Provence-Alpes-Côte d'Azur, France",2022-12-13T11:00:00,10.9,10.9,7.3,78.45,0.4,90.5,rain,0,0,56.2,24.8,112.5,1005,100,17.4,14,0.1,0,10,"Rain, Overcast",rain,
"Marseille, Provence-Alpes-Côte d'Azur, France",2022-12-13T12:00:00,11.6,11.6,7.6,76.45,0.1,90.5,rain,0,0,46.8,22.7,114.4,1005,100,18.7,19,0.1,0,10,"Rain, Overcast",rain,
"Marseille, Provence-Alpes-Côte d'Azur, France",2022-12-13T13:00:00,11.5,11.5,7.8,78.01,0,90.5,rain,0,0,41.8,21.2,117.6,1005,100,24.1,25,0.1,0,10,"Rain, Overcast",rain,
"Marseille, Provence-Alpes-Côte d'Azur, France",2022-12-13T14:00:00,11.2,11.2,7.5,77.96,0.1,52.4,rain,0,0,41.8,20.2,116.7,1005,100,23.8,37,0.1,0,10,"Rain, Overcast",rain,
"Marseille, Provence-Alpes-Côte d'Azur, France",2022-12-13T15:00:00,11.4,11.4,7.4,76.41,0,52.4,rain,0,0,38.2,20.2,116.6,1005,100,24.1,22,0.1,0,10,"Rain, Overcast",rain,
"Marseille, Provence-Alpes-Côte d'Azur, France",2022-12-13T16:00:00,11.6,11.6,7.6,76.45,0,52.4,rain,0,0,37.8,19.4,115.2,1005,100,24.1,30,0.1,0,10,"Rain, Overcast",rain,
"Marseille, Provence-Alpes-Côte d'Azur, France",2022-12-13T17:00:00,11.4,11.4,7.3,75.89,0,52.4,rain,0,0,38.9,19.4,123.2,1005,100,24.1,4,0,0,10,"Rain, Overcast",rain,
"Marseille, Provence-Alpes-Côte d'Azur, France",2022-12-13T18:00:00,11.4,11.4,7.6,77.46,0,52.4,rain,0,0,36.7,15.5,102,1005,100,24.1,0,,0,10,"Rain, Overcast",rain,
"Marseille, Provence-Alpes-Côte d'Azur, France",2022-12-13T19:00:00,11.4,11.4,7.6,77.46,0,52.4,rain,0,0,30.6,15.5,106,1005,100,24.1,0,,0,10,"Rain, Overcast",rain,
"Marseille, Provence-Alpes-Côte d'Azur, France",2022-12-13T20:00:00,11.4,11.4,7.6,77.46,0,33.3,,0,0,32.4,15.5,101.7,1005,100,24.1,0,,0,10,Overcast,cloudy,
"Marseille, Provence-Alpes-Côte d'Azur, France",2022-12-13T21:00:00,11.7,11.7,7.6,75.94,0,33.3,,0,0,29.9,11.9,91.1,1005,100,24.1,0,,0,10,Overcast,cloudy,
"Marseille, Provence-Alpes-Côte d'Azur, France",2022-12-13T22:00:00,11.7,11.7,7.7,76.46,0,33.3,,0,0,28.4,14.4,112.3,1005,99.9,24.1,0,,0,10,Overcast,cloudy,
"Marseille, Provence-Alpes-Côte d'Azur, France",2022-12-13T23:00:00,11.8,11.8,7.9,77,0,33.3,,0,0,28.4,12.6,102.9,1005,90,24.1,0,,0,10,Partially cloudy,partly-cloudy-night,
"Marseille, Provence-Alpes-Côte d'Azur, France",2022-12-14T00:00:00,11.7,11.7,8,78.04,0,33.3,,0,0,32.8,16.6,106.7,1004,99.9,24.1,0,,0,10,Overcast,cloudy,
"Marseille, Provence-Alpes-Côte d'Azur, France",2022-12-14T01:00:00,11.8,11.8,7.8,76.48,0,33.3,,0,0,33.1,17.3,110.1,1004,100,24.1,0,,0,10,Overcast,cloudy,
"Marseille, Provence-Alpes-Côte d'Azur, France",2022-12-14T02:00:00,11.8,11.8,7.9,77,0,47.6,rain,0,0,32.8,11.9,90.6,1004,100,24.1,0,,0,10,"Rain, Overcast",rain,
"Marseille, Provence-Alpes-Côte d'Azur, France",2022-12-14T03:00:00,11.7,11.7,8,78.04,0,47.6,rain,0,0,23.4,8.3,95.1,1003,100,24.1,0,,0,10,"Rain, Overcast",rain,
"Marseille, Provence-Alpes-Côte d'Azur, France",2022-12-14T04:00:00,11.5,11.5,8.1,79.62,0,47.6,rain,0,0,18,9.4,78,1003,100,24.1,0,,0,10,"Rain, Overcast",rain,
"Marseille, Provence-Alpes-Côte d'Azur, France",2022-12-14T05:00:00,11.4,11.4,8,79.6,0.1,47.6,rain,0,0,20.2,9.4,78,1002,100,24.1,0,,0,10,"Rain, Overcast",rain,
"Marseille, Provence-Alpes-Côte d'Azur, France",2022-12-14T06:00:00,11.5,11.5,8.3,80.71,0.3,47.6,rain,0,0,18.7,6.1,54.9,1002,100,24.1,0,,0,10,"Rain, Overcast",rain,
"Marseille, Provence-Alpes-Côte d'Azur, France",2022-12-14T07:00:00,11.4,11.4,8.4,81.8,0.4,47.6,rain,0,0,11.9,3.6,102.2,1002,99.3,23.5,0,,0,10,"Rain, Overcast",rain,
"Marseille, Provence-Alpes-Côte d'Azur, France",2022-12-14T08:00:00,11.4,11.4,8.3,81.24,0.1,23.8,rain,0,0,9,4.7,39,1002,99.1,22.8,0,,0,10,Overcast,cloudy,
"Marseille, Provence-Alpes-Côte d'Azur, France",2022-12-14T09:00:00,11.4,11.4,8.1,80.15,0,23.8,rain,0,0,8.3,3.6,33.7,1003,100,10.5,2,0,0,10,Overcast,cloudy,
"Marseille, Provence-Alpes-Côte d'Azur, France",2022-12-14T10:00:00,11.4,11.4,7.9,79.06,0.1,23.8,rain,0,0,8.3,3.6,8.4,1003,100,16.5,6,0,0,10,Overcast,cloudy,
"Marseille, Provence-Alpes-Côte d'Azur, France",2022-12-14T11:00:00,11.6,11.6,8,78.56,0,23.8,,0,0,10.4,5.4,336.8,1004,100,24.1,20,0.1,0,10,Overcast,cloudy,
"Marseille, Provence-Alpes-Côte d'Azur, France",2022-12-14T12:00:00,11.4,11.4,8.4,81.8,0.1,23.8,rain,0,0,13,6.5,316.2,1005,100,24.1,185,0.7,2,10,Overcast,cloudy,
"Marseille, Provence-Alpes-Côte d'Azur, France",2022-12-14T13:00:00,11.2,11.2,8.4,82.89,0.4,23.8,rain,0,0,13.3,5,315.7,1004,99.3,24.1,112,0.4,1,10,Overcast,cloudy,
"Marseille, Provence-Alpes-Côte d'Azur, France",2022-12-14T14:00:00,11.3,11.3,8.3,81.78,0.2,23.8,rain,0,0,10.4,1.8,30.7,1004,100,24.1,145,0.5,1,10,Overcast,cloudy,
"Marseille, Provence-Alpes-Côte d'Azur, France",2022-12-14T15:00:00,11.5,11.5,8.6,82.36,0.4,23.8,rain,0,0,8.6,4,36.7,1004,95.8,24.1,253,0.9,3,10,Overcast,cloudy,
"Marseille, Provence-Alpes-Côte d'Azur, France",2022-12-14T16:00:00,11.8,11.8,8.9,82.4,0,23.8,,0,0,10.4,2.5,29.5,1004,86.5,24.1,142,0.5,1,10,Partially cloudy,partly-cloudy-day,
"Marseille, Provence-Alpes-Côte d'Azur, France",2022-12-14T17:00:00,11.9,11.9,9.1,82.97,0,23.8,,0,0,5.4,2.9,339.5,1004,67.7,24.1,39,0.1,0,10,Partially cloudy,partly-cloudy-day,
"Marseille, Provence-Alpes-Côte d'Azur, France",2022-12-14T18:00:00,11.7,11.7,8.9,82.95,0,23.8,,0,0,4.7,2.5,0.9,1004,45.1,24.1,0,,0,10,Partially cloudy,partly-cloudy-night,
"Marseille, Provence-Alpes-Côte d'Azur, France",2022-12-14T19:00:00,11.3,11.3,9,85.75,0,23.8,,0,0,4.3,1.8,322.9,1004,69.5,24.1,0,,0,10,Partially cloudy,partly-cloudy-night,
"Marseille, Provence-Alpes-Côte d'Azur, France",2022-12-14T20:00:00,11.3,11.3,9.2,86.91,0,9.5,,0,0,4.7,2.5,6.4,1005,73.5,24.1,0,,0,10,Partially cloudy,partly-cloudy-night,
"Marseille, Provence-Alpes-Côte d'Azur, France",2022-12-14T21:00:00,11.4,11.4,9.1,85.76,0,9.5,,0,0,6.5,4,14.9,1005,60.1,24.1,0,,0,10,Partially cloudy,partly-cloudy-night,
"Marseille, Provence-Alpes-Côte d'Azur, France",2022-12-14T22:00:00,11.4,11.4,9.1,85.76,0,9.5,,0,0,6.1,3.6,0.3,1005,79.5,24.1,0,,0,10,Partially cloudy,partly-cloudy-night,
"Marseille, Provence-Alpes-Côte d'Azur, France",2022-12-14T23:00:00,11.5,11.5,9.1,85.19,0,9.5,,0,0,7.2,4.3,17,1005,88.3,24.1,0,,0,10,Partially cloudy,partly-cloudy-night,
"Marseille, Provence-Alpes-Côte d'Azur, France",2022-12-15T00:00:00,11.5,11.5,9,84.62,0,9.5,,0,0,10.4,5.8,39.4,1005,92.1,24.1,0,,0,10,Overcast,cloudy,
"Marseille, Provence-Alpes-Côte d'Azur, France",2022-12-15T01:00:00,11.9,11.9,9.1,82.97,0,9.5,,0,0,13.7,7.6,58.5,1004,71.8,24.1,0,,0,10,Partially cloudy,partly-cloudy-night,
"Marseille, Provence-Alpes-Côte d'Azur, France",2022-12-15T02:00:00,11.8,11.8,9.1,83.52,0,9.5,,0,0,14.4,7.2,65.5,1004,69.5,24.1,0,,0,10,Partially cloudy,partly-cloudy-night,
"Marseille, Provence-Alpes-Côte d'Azur, France",2022-12-15T03:00:00,11.5,11.5,8.9,84.05,0,9.5,,0,0,12.6,6.5,83,1003,75.9,24.1,0,,0,10,Partially cloudy,partly-cloudy-night,
"Marseille, Provence-Alpes-Côte d'Azur, France",2022-12-15T04:00:00,11.1,11.1,8.9,86.31,0,9.5,,0,0,11.5,6.1,92.8,1003,100,24.1,0,,0,10,Overcast,cloudy,
"Marseille, Provence-Alpes-Côte d'Azur, France",2022-12-15T05:00:00,11,11,8.2,82.86,0,9.5,,0,0,13,7.2,83.4,1002,100,24.1,0,,0,10,Overcast,cloudy,
"Marseille, Provence-Alpes-Côte d'Azur, France",2022-12-15T06:00:00,11.3,11.3,8,80.13,0,9.5,,0,0,14.4,7.9,89.6,1002,100,24.1,0,,0,10,Overcast,cloudy,
"Marseille, Provence-Alpes-Côte d'Azur, France",2022-12-15T07:00:00,11.8,11.8,7.9,77,0,9.5,,0,0,16.9,6.5,93.5,1002,100,24.1,0,,0,10,Overcast,cloudy,
"Marseille, Provence-Alpes-Côte d'Azur, France",2022-12-15T08:00:00,12,12,8.4,78.62,0.1,52.4,rain,0,0,19.8,9.4,114.2,1001,100,24.1,0,,0,10,"Rain, Overcast",rain,
"Marseille, Provence-Alpes-Côte d'Azur, France",2022-12-15T09:00:00,12.1,12.1,8.8,80.25,1.1,52.4,rain,0,0,31,16.2,103.9,1001,100,24.1,11,0,0,10,"Rain, Overcast",rain,
"Marseille, Provence-Alpes-Côte d'Azur, France",2022-12-15T10:00:00,13,13,9.2,77.71,0.8,52.4,rain,0,0,34.2,18,91.3,1000,100,24.1,34,0.1,0,10,"Rain, Overcast",rain,
"Marseille, Provence-Alpes-Côte d'Azur, France",2022-12-15T11:00:00,13.7,13.7,10.1,78.87,0.3,52.4,rain,0,0,40.3,21.6,92.8,999,100,24.1,89,0.3,1,10,"Rain, Overcast",rain,
"Marseille, Provence-Alpes-Côte d'Azur, France",2022-12-15T12:00:00,14,14,10.5,79.44,1.2,52.4,rain,0,0,50.8,27.4,98,997,100,24.1,89,0.3,1,10,"Rain, Overcast",rain,
"Marseille, Provence-Alpes-Côte d'Azur, France",2022-12-15T13:00:00,14.1,14.1,10.2,77.36,0.5,52.4,rain,0,0,57.6,30.6,104.4,996,100,24.1,100,0.4,1,10,"Rain, Overcast",rain,
"Marseille, Provence-Alpes-Côte d'Azur, France",2022-12-15T14:00:00,14,14,10.8,81.04,2.8,95.2,rain,0,0,60.1,29.9,105.4,994,100,19.6,31,0.1,0,10,"Rain, Overcast",rain,
"Marseille, Provence-Alpes-Côte d'Azur, France",2022-12-15T15:00:00,14.8,14.8,10.9,77.47,1.1,95.2,rain,0,0,64.4,32.8,109.9,994,100,12.7,15,0.1,0,10,"Rain, Overcast",rain,
"Marseille, Provence-Alpes-Côte d'Azur, France",2022-12-15T16:00:00,15.3,15.3,11.2,76.53,0,95.2,rain,0,0,62.6,24.8,104.8,994,100,6.2,8,0,0,10,"Rain, Overcast",rain,
"Marseille, Provence-Alpes-Côte d'Azur, France",2022-12-15T17:00:00,14.6,14.6,11.5,81.66,0.6,95.2,rain,0,0,46.1,15.5,107.3,995,99.1,4,1,0,0,10,"Rain, Overcast",rain,
"Marseille, Provence-Alpes-Côte d'Azur, France",2022-12-15T18:00:00,14.4,14.4,12.5,88.36,0.4,95.2,rain,0,0,29.5,12.2,131.5,995,100,4.3,0,,0,10,"Rain, Overcast",rain,
"Marseille, Provence-Alpes-Côte d'Azur, France",2022-12-15T19:00:00,14.3,14.3,13.3,93.71,0.5,95.2,rain,0,0,28.4,10.8,168.5,996,100,5,0,,0,10,"Rain, Overcast",rain,
"Marseille, Provence-Alpes-Côte d'Azur, France",2022-12-15T20:00:00,14.3,14.3,13,91.89,0.3,85.7,rain,0,0,30.2,10.1,170.1,996,93.7,6.4,0,,0,10,"Rain, Overcast",rain,
"Marseille, Provence-Alpes-Côte d'Azur, France",2022-12-15T21:00:00,14.3,14.3,13,91.89,0.7,85.7,rain,0,0,28.1,11.2,157.4,996,100,6.1,0,,0,10,"Rain, Overcast",rain,
"Marseille, Provence-Alpes-Côte d'Azur, France",2022-12-15T22:00:00,14.3,14.3,13,91.89,2.8,85.7,rain,0,0,24.1,9.7,190,996,100,5.5,0,,0,10,"Rain, Overcast",rain,
"Marseille, Provence-Alpes-Côte d'Azur, France",2022-12-15T23:00:00,14.2,14.2,12.8,91.29,2.7,85.7,rain,0,0,19.8,6.1,204.8,996,100,5,0,,0,10,"Rain, Overcast",rain,
"Marseille, Provence-Alpes-Côte d'Azur, France",2022-12-16T00:00:00,13.7,13.7,12.8,94.3,2.1,85.7,rain,0,0,24.1,8.3,255.6,997,100,8.5,0,,0,10,"Rain, Overcast",rain,
"Marseille, Provence-Alpes-Côte d'Azur, France",2022-12-16T01:00:00,13.3,13.3,12.3,93.66,0.2,85.7,rain,0,0,19.1,9,270.8,998,91.2,16,0,,0,10,"Rain, Overcast",rain,
"Marseille, Provence-Alpes-Côte d'Azur, France",2022-12-16T02:00:00,12.8,12.8,11.6,92.41,0,66.7,rain,0,0,20.5,10.8,273.5,999,95.7,24.1,0,,0,10,"Rain, Overcast",rain,
"Marseille, Provence-Alpes-Côte d'Azur, France",2022-12-16T03:00:00,12.2,12.2,10.7,90.55,0,66.7,rain,0,0,20.9,7.2,292.6,999,94.7,24.1,0,,0,10,"Rain, Overcast",rain,
"Marseille, Provence-Alpes-Côte d'Azur, France",2022-12-16T04:00:00,12,12,10.4,89.94,0,66.7,rain,0,0,14.8,4,287.5,1000,92.9,24.1,0,,0,10,"Rain, Overcast",rain,
"Marseille, Provence-Alpes-Côte d'Azur, France",2022-12-16T05:00:00,11.9,11.9,10.2,89.33,0,66.7,rain,0,0,8.6,2.2,280.7,1000,83.9,24.1,0,,0,10,"Rain, Partially cloudy",rain,
"Marseille, Provence-Alpes-Côte d'Azur, France",2022-12-16T06:00:00,11.9,11.9,9.9,87.55,0,66.7,rain,0,0,6.1,2.5,262.3,1001,80.6,24.1,0,,0,10,"Rain, Partially cloudy",rain,
"Marseille, Provence-Alpes-Côte d'Azur, France",2022-12-16T07:00:00,11.9,11.9,9.7,86.39,0,66.7,rain,0,0,6.8,3.2,300.9,1001,73.7,24.1,0,,0,10,"Rain, Partially cloudy",rain,
"Marseille, Provence-Alpes-Côte d'Azur, France",2022-12-16T08:00:00,11.8,11.8,9.8,87.74,0,23.8,,0,0,6.5,2.8,311.4,1002,81.9,24.1,0,,0,10,Partially cloudy,partly-cloudy-night,
"Marseille, Provence-Alpes-Côte d'Azur, France",2022-12-16T09:00:00,11.7,11.7,10,89.12,0,23.8,,0,0,6.1,2.3,321.9,1003,90.2,24.1,20,0.1,0,10,Overcast,cloudy,
"Marseille, Provence-Alpes-Côte d'Azur, France",2022-12-16T10:00:00,11.7,11.7,10.2,90.52,0,23.8,,0,0,5.8,1.8,332.4,1004,98.4,24.1,140,0.5,1,10,Overcast,cloudy,
"Marseille, Provence-Alpes-Côte d'Azur, France",2022-12-16T11:00:00,11.6,11.6,9.8,89.11,0,23.8,,0,0,9.6,4,325.9,1004.3,90.2,24.1,259,0.9,3,10,Overcast,cloudy,
"Marseille, Provence-Alpes-Côte d'Azur, France",2022-12-16T12:00:00,11.5,11.5,9.5,87.71,0,23.8,,0,0,13.4,6.1,319.5,1004.7,81.9,24.1,342,1.2,3,10,Partially cloudy,partly-cloudy-day,
"Marseille, Provence-Alpes-Côte d'Azur, France",2022-12-16T13:00:00,11.4,11.4,9.2,86.34,0,23.8,,0,0,17.3,8.3,313,1005,73.7,24.1,372,1.3,4,10,Partially cloudy,partly-cloudy-day,
"Marseille, Provence-Alpes-Côte d'Azur, France",2022-12-16T14:00:00,10.8,10.8,8.3,84.55,0,19,,0,0,20.6,10.3,313.2,1005.3,61.8,24.1,351,1.3,4,10,Partially cloudy,partly-cloudy-day,
"Marseille, Provence-Alpes-Côte d'Azur, France",2022-12-16T15:00:00,10.3,10.3,7.5,82.78,0,19,,0,0,24,12.4,313.4,1005.7,50,24.1,279,1,3,10,Partially cloudy,partly-cloudy-day,
"Marseille, Provence-Alpes-Côte d'Azur, France",2022-12-16T16:00:00,9.8,7.7,6.7,81.03,0,19,,0,0,27.4,14.4,313.6,1006,38.1,24.1,167,0.6,2,10,Partially cloudy,partly-cloudy-day,
"Marseille, Provence-Alpes-Côte d'Azur, France",2022-12-16T17:00:00,9.3,7.2,6.3,81.71,0,19,,0,0,26.8,13.7,317.9,1006.7,34.9,24.1,41,0.1,0,10,Partially cloudy,partly-cloudy-day,
"Marseille, Provence-Alpes-Côte d'Azur, France",2022-12-16T18:00:00,8.8,6.7,5.9,82.4,0,19,,0,0,26.2,13,322.1,1007.3,31.6,24.1,0,,0,10,Partially cloudy,partly-cloudy-night,
"Marseille, Provence-Alpes-Côte d'Azur, France",2022-12-16T19:00:00,8.3,6.2,5.6,83.1,0,19,,0,0,25.6,12.2,326.4,1008,28.4,24.1,0,,0,10,Partially cloudy,partly-cloudy-night,
"Marseille, Provence-Alpes-Côte d'Azur, France",2022-12-16T20:00:00,7.9,5.9,5.2,82.87,0,4.8,,0,0,24.6,11.5,324.4,1008.7,26.3,24.1,0,,0,10,Partially cloudy,partly-cloudy-night,
"Marseille, Provence-Alpes-Côte d'Azur, France",2022-12-16T21:00:00,7.6,5.6,4.8,82.63,0,4.8,,0,0,23.6,10.8,322.5,1009.3,24.2,24.1,0,,0,10,Partially cloudy,partly-cloudy-night,
"Marseille, Provence-Alpes-Côte d'Azur, France",2022-12-16T22:00:00,7.3,5.3,4.5,82.4,0,4.8,,0,0,22.7,10.1,320.5,1010,22.1,24.1,0,,0,10,Partially cloudy,partly-cloudy-night,
"Marseille, Provence-Alpes-Côte d'Azur, France",2022-12-16T23:00:00,7,5.1,4.1,81.79,0,4.8,,0,0,22.1,9.8,325.2,1010.3,23,24.1,0,,0,10,Partially cloudy,partly-cloudy-night,
"Marseille, Provence-Alpes-Côte d'Azur, France",2022-12-17T00:00:00,6.7,4.8,3.7,81.18,0,4.8,,0,0,21.5,9.6,329.8,1010.7,23.9,24.1,0,,0,10,Partially cloudy,partly-cloudy-night,
"Marseille, Provence-Alpes-Côte d'Azur, France",2022-12-17T01:00:00,6.5,4.5,3.4,80.57,0,4.8,,0,0,20.9,9.4,334.5,1011,24.8,24.1,0,,0,10,Partially cloudy,partly-cloudy-night,
"Marseille, Provence-Alpes-Côte d'Azur, France",2022-12-17T02:00:00,6.3,4.4,3.3,81.12,0,0,,0,0,20.6,9.4,334.3,1011.3,19.7,24.1,0,,0,10,Clear,clear-night,
"Marseille, Provence-Alpes-Côte d'Azur, France",2022-12-17T03:00:00,6.2,4.2,3.3,81.68,0,0,,0,0,20.4,9.4,334.1,1011.7,14.5,24.1,0,,0,10,Clear,clear-night,
"Marseille, Provence-Alpes-Côte d'Azur, France",2022-12-17T04:00:00,6.1,4.1,3.3,82.24,0,0,,0,0,20.2,9.4,333.9,1012,9.4,24.1,0,,0,10,Clear,clear-night,
"Marseille, Provence-Alpes-Côte d'Azur, France",2022-12-17T05:00:00,6.1,4.2,3.6,83.61,0,0,,0,0,20,9,338.1,1012.3,8.1,24.1,0,,0,10,Clear,clear-night,
"Marseille, Provence-Alpes-Côte d'Azur, France",2022-12-17T06:00:00,6.2,4.4,3.9,85.01,0,0,,0,0,19.9,8.6,342.3,1012.7,6.9,24.1,0,,0,10,Clear,clear-night,
"Marseille, Provence-Alpes-Côte d'Azur, France",2022-12-17T07:00:00,6.3,4.5,4.2,86.42,0,0,,0,0,19.8,8.3,346.5,1013,5.6,24.1,0,,0,10,Clear,clear-night,
"Marseille, Provence-Alpes-Côte d'Azur, France",2022-12-17T08:00:00,6.6,5,4.3,85.25,0,0,,0,0,19.1,8.3,348.6,1013.7,6.9,24.1,0,,0,10,Clear,clear-night,
"Marseille, Provence-Alpes-Côte d'Azur, France",2022-12-17T09:00:00,7,5.4,4.5,84.11,0,0,,0,0,18.4,8.3,350.6,1014.3,8.2,24.1,28,0.1,0,10,Clear,clear-day,
"Marseille, Provence-Alpes-Côte d'Azur, France",2022-12-17T10:00:00,7.4,5.8,4.7,82.99,0,0,,0,0,17.6,8.3,352.7,1015,9.5,24.1,151,0.5,2,10,Clear,clear-day,
"Marseille, Provence-Alpes-Côte d'Azur, France",2022-12-17T11:00:00,8.3,7,5,79.53,0,0,,0,0,18,8.4,345.1,1015.3,10.8,24.1,271,1,3,10,Clear,clear-day,
"Marseille, Provence-Alpes-Côte d'Azur, France",2022-12-17T12:00:00,9.3,8.1,5.3,76.25,0,0,,0,0,18.4,8.5,337.4,1015.7,12,24.1,354,1.3,4,10,Clear,clear-day,
"Marseille, Provence-Alpes-Côte d'Azur, France",2022-12-17T13:00:00,10.3,10.3,5.7,73.14,0,0,,0,0,18.7,8.6,329.8,1016,13.3,24.1,390,1.4,4,10,Clear,clear-day,
"Marseille, Provence-Alpes-Côte d'Azur, France",2022-12-17T14:00:00,10.4,10.4,5.9,73.34,0,0,,0,0,18.5,8.3,329.7,1016.7,14.2,24.1,348,1.3,3,10,Clear,clear-day,
"Marseille, Provence-Alpes-Côte d'Azur, France",2022-12-17T15:00:00,10.7,10.7,6.1,73.55,0,0,,0,0,18.2,7.9,329.5,1017.3,15.1,24.1,275,1,3,10,Clear,clear-day,
"Marseille, Provence-Alpes-Côte d'Azur, France",2022-12-17T16:00:00,10.9,10.9,6.4,73.75,0,0,,0,0,18,7.6,329.4,1018,16,24.1,172,0.6,2,10,Clear,clear-day,
"Marseille, Provence-Alpes-Côte d'Azur, France",2022-12-17T17:00:00,10.7,10.7,6.9,77.54,0,0,,0,0,14.5,6.4,231,1018.3,20.5,24.1,37,0.1,0,10,Partially cloudy,partly-cloudy-day,
"Marseille, Provence-Alpes-Côte d'Azur, France",2022-12-17T18:00:00,10.5,10.5,7.5,81.5,0,0,,0,0,11,5.2,132.5,1018.7,25.1,24.1,0,,0,10,Partially cloudy,partly-cloudy-night,
"Marseille, Provence-Alpes-Côte d'Azur, France",2022-12-17T19:00:00,10.4,10.4,8.1,85.65,0,0,,0,0,7.6,4,34.1,1019,29.6,24.1,0,,0,10,Partially cloudy,partly-cloudy-night,
"Marseille, Provence-Alpes-Côte d'Azur, France",2022-12-17T20:00:00,10.4,10.4,8,85.27,0,0,,0,0,7.7,4,36.1,1020,39.3,24.1,0,,0,10,Partially cloudy,partly-cloudy-night,
"Marseille, Provence-Alpes-Côte d'Azur, France",2022-12-17T21:00:00,10.4,10.4,7.9,84.88,0,0,,0,0,7.8,4,38.2,1021,49,24.1,0,,0,10,Partially cloudy,partly-cloudy-night,
"Marseille, Provence-Alpes-Côte d'Azur, France",2022-12-17T22:00:00,10.4,10.4,7.9,84.5,0,0,,0,0,7.9,4,40.2,1022,58.7,24.1,0,,0,10,Partially cloudy,partly-cloudy-night,
"Marseille, Provence-Alpes-Côte d'Azur, France",2022-12-17T23:00:00,8.8,6.8,4.8,75.99,0,0,,0,,12.2,11.9,340.2,1022,74.1,24.1,0,,0,10,Partially cloudy,partly-cloudy-night,
"Marseille, Provence-Alpes-Côte d'Azur, France",2022-12-18T00:00:00,8.9,6.9,5,76.53,0,0,,0,,12.2,12.2,339.1,1023,5,24.1,0,,0,10,Clear,clear-night,
"Marseille, Provence-Alpes-Côte d'Azur, France",2022-12-18T01:00:00,8.8,6.6,5.2,78.13,0,0,,,,13.7,13.3,335.3,1023,12.7,24.1,0,,0,10,Clear,clear-night,
"Marseille, Provence-Alpes-Côte d'Azur, France",2022-12-18T02:00:00,8.8,6.8,5,77.06,0,0,,0,,12.5,12.4,339.3,1023.7,8.5,24.1,0,,0,10,Clear,clear-night,
"Marseille, Provence-Alpes-Côte d'Azur, France",2022-12-18T03:00:00,8.9,7.1,4.9,76.01,0,0,,0,,11.3,11.4,343.3,1024.3,4.2,24.1,0,,0,10,Clear,clear-night,
"Marseille, Provence-Alpes-Côte d'Azur, France",2022-12-18T04:00:00,9,7.3,4.8,74.97,0,0,,0,,10.1,10.4,347.3,1025,0,24.1,0,,0,10,Clear,clear-night,
"Marseille, Provence-Alpes-Côte d'Azur, France",2022-12-18T05:00:00,9.1,7.6,4.9,74.65,0,0,,0,,9.6,10,236.1,1025.3,0,24.1,0,,0,10,Clear,clear-night,
"Marseille, Provence-Alpes-Côte d'Azur, France",2022-12-18T06:00:00,9.3,7.9,4.9,74.33,0,0,,0,,9.1,9.5,124.9,1025.7,0,24.1,0,,0,10,Clear,clear-night,
"Marseille, Provence-Alpes-Côte d'Azur, France",2022-12-18T07:00:00,9.5,8.2,5.1,74.02,0,0,,,,8.6,9,13.7,1026,0,24.1,0,,0,10,Clear,clear-night,
"Marseille, Provence-Alpes-Côte d'Azur, France",2022-12-18T08:00:00,9.7,8.5,5.1,73.37,0,0,,0,,8,8.5,13.3,1026.3,2.4,24.1,19.7,0.1,0,10,Clear,clear-night,
"Marseille, Provence-Alpes-Côte d'Azur, France",2022-12-18T09:00:00,9.9,8.8,5.2,72.73,0,0,,0,,7.4,8,13,1026.7,4.9,24.1,39.3,0.1,0,10,Clear,clear-day,
"Marseille, Provence-Alpes-Côte d'Azur, France",2022-12-18T10:00:00,10.1,10.1,5.3,72.09,0,0,,0,,6.8,7.6,12.6,1027,7.3,24.1,59,0.2,1,10,Clear,clear-day,
"Marseille, Provence-Alpes-Côte d'Azur, France",2022-12-18T11:00:00,10.7,10.7,5.6,70.72,0,0,,0,,7.4,6.5,66.5,1027,25,24.1,146.7,0.5,1,10,Partially cloudy,partly-cloudy-day,
"Marseille, Provence-Alpes-Côte d'Azur, France",2022-12-18T12:00:00,11.3,11.3,5.9,69.39,0,0,,0,,8,5.4,120.5,1027,42.7,24.1,234.3,0.9,2,10,Partially cloudy,partly-cloudy-day,
"Marseille, Provence-Alpes-Côte d'Azur, France",2022-12-18T13:00:00,11.9,11.9,6.2,68.09,0,0,,,,8.6,4.3,174.4,1027,60.4,24.1,322,1.2,3,10,Partially cloudy,partly-cloudy-day,
"Marseille, Provence-Alpes-Côte d'Azur, France",2022-12-18T14:00:00,12,12,6.6,69.54,0,0,,0,,11.3,6.5,168.9,1027.3,70,24.1,272,1,3,10,Partially cloudy,partly-cloudy-day,
"Marseille, Provence-Alpes-Côte d'Azur, France",2022-12-18T15:00:00,12.2,12.2,7.1,71.02,0,0,,0,,13.9,8.6,163.3,1027.7,79.7,24.1,222,0.8,2,10,Partially cloudy,partly-cloudy-day,
"Marseille, Provence-Alpes-Côte d'Azur, France",2022-12-18T16:00:00,12.4,12.4,7.6,72.52,0,0,rain,0,,16.6,10.8,157.8,1028,89.3,24.1,172,0.6,2,10,Partially cloudy,partly-cloudy-day,
"Marseille, Provence-Alpes-Côte d'Azur, France",2022-12-18T17:00:00,12.6,12.6,7.6,71.59,0,0,,0,,18.2,13.7,150.6,1028,71.8,24.1,117.3,0.4,1,10,Partially cloudy,partly-cloudy-day,
"Marseille, Provence-Alpes-Côte d'Azur, France",2022-12-18T18:00:00,12.9,12.9,7.7,70.67,0,0,,0,,19.9,16.6,143.5,1028,54.3,24.1,62.7,0.2,0,10,Partially cloudy,partly-cloudy-night,
"Marseille, Provence-Alpes-Côte d'Azur, France",2022-12-18T19:00:00,13.2,13.2,7.8,69.77,0,0,,,,21.6,19.4,136.3,1028,36.8,24.1,8,0,0,10,Partially cloudy,partly-cloudy-night,
"Marseille, Provence-Alpes-Côte d'Azur, France",2022-12-18T20:00:00,13,13,7.8,70.84,0,0,,0,,21.6,19.1,124.4,1028.3,57.9,24.1,5.3,0,0,10,Partially cloudy,partly-cloudy-night,
"Marseille, Provence-Alpes-Côte d'Azur, France",2022-12-18T21:00:00,12.8,12.8,7.8,71.94,0,0,,0,,21.6,18.7,112.4,1028.7,78.9,24.1,2.7,0,0,10,Partially cloudy,partly-cloudy-night,
"Marseille, Provence-Alpes-Côte d'Azur, France",2022-12-18T22:00:00,12.6,12.6,7.9,73.05,0,0,,0,,21.6,18.4,100.5,1029,100,24.1,0,,0,10,Overcast,cloudy,
"Marseille, Provence-Alpes-Côte d'Azur, France",2022-12-18T23:00:00,12.6,12.6,7.9,73.05,0,0,,0,,22.4,18.5,100.8,1029,100,24.1,0,,0,10,Overcast,cloudy,
"Marseille, Provence-Alpes-Côte d'Azur, France",2022-12-19T00:00:00,12.6,12.6,7.9,73.05,0,0,,0,,23.3,18.6,101.1,1029,100,24.1,0,,0,10,Overcast,cloudy,
"Marseille, Provence-Alpes-Côte d'Azur, France",2022-12-19T01:00:00,12.6,12.6,7.9,73.05,0.2,0,rain,,,24.1,18.7,101.4,1029,100,24.1,0,,0,10,Overcast,cloudy,
"Marseille, Provence-Alpes-Côte d'Azur, France",2022-12-19T02:00:00,12.8,12.8,7.9,71.95,0,0,,0,,25.4,20.9,107.8,1029,100,24.1,0,,0,10,Overcast,cloudy,
"Marseille, Provence-Alpes-Côte d'Azur, France",2022-12-19T03:00:00,13.1,13.1,7.9,70.87,0,0,,0,,26.8,23,114.3,1029,100,24.1,0,,0,10,Overcast,cloudy,
"Marseille, Provence-Alpes-Côte d'Azur, France",2022-12-19T04:00:00,13.4,13.4,8,69.81,0,0,,0,,28.1,25.2,120.7,1029,100,24.1,0,,0,10,Overcast,cloudy,
"Marseille, Provence-Alpes-Côte d'Azur, France",2022-12-19T05:00:00,13.3,13.3,8,70.43,0,0,,0,,28.2,24.6,120.5,1028.7,97.3,24.1,0,,0,10,Overcast,cloudy,
"Marseille, Provence-Alpes-Côte d'Azur, France",2022-12-19T06:00:00,13.2,13.2,8.1,71.06,0,0,,0,,28.3,24,120.2,1028.3,94.5,24.1,0,,0,10,Overcast,cloudy,
"Marseille, Provence-Alpes-Côte d'Azur, France",2022-12-19T07:00:00,13.2,13.2,8.2,71.69,0,0,,,,28.4,23.4,120,1028,91.8,24.1,0,,0,10,Overcast,cloudy,
"Marseille, Provence-Alpes-Côte d'Azur, France",2022-12-19T08:00:00,13.2,13.2,8.3,71.86,0,0,,0,,28.1,23.3,121.4,1028.3,94.5,24.1,7.3,0,0,10,Overcast,cloudy,
"Marseille, Provence-Alpes-Côte d'Azur, France",2022-12-19T09:00:00,13.3,13.3,8.4,72.04,0,0,,0,,27.7,23.2,122.8,1028.7,97.3,24.1,14.7,0.1,0,10,Overcast,cloudy,
"Marseille, Provence-Alpes-Côte d'Azur, France",2022-12-19T10:00:00,13.4,13.4,8.5,72.21,0,0,,0,,27.4,23,124.2,1029,100,24.1,22,0.1,0,10,Overcast,cloudy,
"Marseille, Provence-Alpes-Côte d'Azur, France",2022-12-19T11:00:00,13.4,13.4,8.7,73.04,0,0,,0,,27.7,24.1,125.3,1028.7,100,24.1,47.7,0.2,0,10,Overcast,cloudy,
"Marseille, Provence-Alpes-Côte d'Azur, France",2022-12-19T12:00:00,13.4,13.4,8.9,73.87,0,0,,0,,28.1,25.2,126.3,1028.3,100,24.1,73.3,0.3,1,10,Overcast,cloudy,
"Marseille, Provence-Alpes-Côte d'Azur, France",2022-12-19T13:00:00,13.5,13.5,9.1,74.71,0,0,,,,28.4,26.3,127.4,1028,100,24.1,99,0.4,1,10,Overcast,cloudy,
"Marseille, Provence-Alpes-Côte d'Azur, France",2022-12-19T14:00:00,13.4,13.4,9.3,76.23,0,0,,0,,28.6,26.3,126.3,1027.7,100,24.1,85,0.3,1,10,Overcast,cloudy,
"Marseille, Provence-Alpes-Côte d'Azur, France",2022-12-19T15:00:00,13.4,13.4,9.6,77.78,0,0,,0,,28.7,26.3,125.1,1027.3,100,24.1,71,0.3,1,10,Overcast,cloudy,
"Marseille, Provence-Alpes-Côte d'Azur, France",2022-12-19T16:00:00,13.4,13.4,9.9,79.36,0.1,0,rain,0,,28.8,26.3,124,1027,100,24.1,57,0.2,1,10,Overcast,cloudy,
"Marseille, Provence-Alpes-Côte d'Azur, France",2022-12-19T17:00:00,13.5,13.5,10.2,80.62,0,0,,0,,28.2,25.3,125.1,1027,100,23.5,39,0.1,0,10,Overcast,cloudy,
"Marseille, Provence-Alpes-Côte d'Azur, France",2022-12-19T18:00:00,13.6,13.6,10.5,81.9,0,0,,0,,27.6,24.4,126.1,1027,100,22.9,21,0.1,0,10,Overcast,cloudy,
"Marseille, Provence-Alpes-Côte d'Azur, France",2022-12-19T19:00:00,13.7,13.7,10.9,83.19,0.2,0,rain,,,27,23.4,127.2,1027,100,22.3,3,0,0,10,Overcast,cloudy,
"Marseille, Provence-Alpes-Côte d'Azur, France",2022-12-19T20:00:00,13.8,13.8,11,82.84,0,0,,0,,26.2,22.7,134.4,1027,76,22.9,2,0,0,10,Partially cloudy,partly-cloudy-night,
"Marseille, Provence-Alpes-Côte d'Azur, France",2022-12-19T21:00:00,14,14,11.1,82.5,0,0,,0,,25.3,22,141.5,1027,52.1,23.5,1,0,0,10,Partially cloudy,partly-cloudy-night,
"Marseille, Provence-Alpes-Côte d'Azur, France",2022-12-19T22:00:00,14.2,14.2,11.2,82.15,0.3,0,rain,0,,24.5,21.2,148.7,1027,28.1,24.1,0,,0,10,Partially cloudy,partly-cloudy-night,
"Marseille, Provence-Alpes-Côte d'Azur, France",2022-12-19T23:00:00,14.1,14.1,11.1,81.97,0,0,,0,,24.5,21.5,149.9,1027,51.4,24.1,0,,0,10,Partially cloudy,partly-cloudy-night,
"Marseille, Provence-Alpes-Côte d'Azur, France",2022-12-20T00:00:00,14.1,14.1,11,81.78,0,0,,0,,24.5,21.7,151.2,1027,74.7,24.1,0,,0,10,Partially cloudy,partly-cloudy-night,
"Marseille, Provence-Alpes-Côte d'Azur, France",2022-12-20T01:00:00,14.1,14.1,11,81.6,0.4,0,rain,,,24.5,22,152.4,1027,98,24.1,0,,0,10,Overcast,cloudy,
"Marseille, Provence-Alpes-Côte d'Azur, France",2022-12-20T02:00:00,14,14,10.9,81.59,0,0,,0,,25,22.4,151.2,1026.7,91.1,24.1,0,,0,10,Overcast,cloudy,
"Marseille, Provence-Alpes-Côte d'Azur, France",2022-12-20T03:00:00,14,14,10.9,81.59,0,0,,0,,25.4,22.9,150,1026.3,84.1,24.1,0,,0,10,Partially cloudy,partly-cloudy-night,
"Marseille, Provence-Alpes-Côte d'Azur, France",2022-12-20T04:00:00,14,14,10.9,81.59,0.2,0,rain,0,,25.9,23.4,148.8,1026,77.2,24.1,0,,0,10,Partially cloudy,partly-cloudy-night,
"Marseille, Provence-Alpes-Côte d'Azur, France",2022-12-20T05:00:00,13.9,13.9,10.7,81.04,0,0,,0,,25.4,23,146,1026,84.6,24.1,0,,0,10,Partially cloudy,partly-cloudy-night,
"Marseille, Provence-Alpes-Côte d'Azur, France",2022-12-20T06:00:00,13.9,13.9,10.6,80.5,0,0,,0,,25,22.7,143.3,1026,92,24.1,0,,0,10,Overcast,cloudy,
"Marseille, Provence-Alpes-Côte d'Azur, France",2022-12-20T07:00:00,13.9,13.9,10.5,79.96,0.2,0,rain,,,24.5,22.3,140.5,1026,99.4,24.1,0,,0,10,Overcast,cloudy,
"Marseille, Provence-Alpes-Côte d'Azur, France",2022-12-20T08:00:00,13.9,13.9,10.3,78.91,0,4.8,,0,,24.8,22.6,137.3,1026.3,99.6,24.1,12.7,0,0,10,Overcast,cloudy,
"Marseille, Provence-Alpes-Côte d'Azur, France",2022-12-20T09:00:00,14,14,10.2,77.87,0,4.8,,0,,25.2,22.8,134,1026.7,99.8,24.1,25.3,0.1,0,10,Overcast,cloudy,
"Marseille, Provence-Alpes-Côte d'Azur, France",2022-12-20T10:00:00,14.1,14.1,10.1,76.85,0.1,4.8,rain,0,,25.6,23,130.8,1027,100,24.1,38,0.1,0,10,Overcast,cloudy,
"Marseille, Provence-Alpes-Côte d'Azur, France",2022-12-20T11:00:00,14.2,14.2,10,76.18,0,4.8,,0,,25,22.9,131.1,1026.7,99.8,24.1,115.3,0.4,1,10,Overcast,cloudy,
"Marseille, Provence-Alpes-Côte d'Azur, France",2022-12-20T12:00:00,14.3,14.3,10,75.52,0,4.8,,0,,24.4,22.8,131.5,1026.3,99.5,24.1,192.7,0.7,2,10,Overcast,cloudy,
"Marseille, Provence-Alpes-Côte d'Azur, France",2022-12-20T13:00:00,14.4,14.4,10,74.87,0,4.8,,,,23.8,22.7,131.8,1026,99.3,24.1,270,1,3,10,Overcast,cloudy,
"Marseille, Provence-Alpes-Côte d'Azur, France",2022-12-20T14:00:00,14.3,14.3,10.1,75.87,0,0,,0,,24,22.8,129.6,1025.7,98.7,24.1,248.7,0.9,2,10,Overcast,cloudy,
"Marseille, Provence-Alpes-Côte d'Azur, France",2022-12-20T15:00:00,14.3,14.3,10.3,76.89,0,0,,0,,24.2,22.9,127.5,1025.3,98.1,24.1,227.3,0.8,2,10,Overcast,cloudy,
"Marseille, Provence-Alpes-Côte d'Azur, France",2022-12-20T16:00:00,14.3,14.3,10.5,77.91,0,0,,0,,24.5,23,125.3,1025,97.5,24.1,206,0.7,2,10,Overcast,cloudy,
"Marseille, Provence-Alpes-Côte d'Azur, France",2022-12-20T17:00:00,14.2,14.2,10.6,78.6,0,0,,0,,25.2,23.3,124.8,1025,84,24.1,141.3,0.5,1,10,Partially cloudy,partly-cloudy-day,
"Marseille, Provence-Alpes-Côte d'Azur, France",2022-12-20T18:00:00,14.2,14.2,10.7,79.3,0,0,,0,,25.9,23.5,124.4,1025,70.4,24.1,76.7,0.2,0,10,Partially cloudy,partly-cloudy-night,
"Marseille, Provence-Alpes-Côte d'Azur, France",2022-12-20T19:00:00,14.2,14.2,10.8,80,0,0,,,,26.6,23.8,123.9,1025,56.9,24.1,12,0,0,10,Partially cloudy,partly-cloudy-night,
"Marseille, Provence-Alpes-Côte d'Azur, France",2022-12-20T20:00:00,14.1,14.1,10.9,80.89,0,4.8,,0,,27.5,23.5,121.4,1025,66.7,24.1,8,0,0,10,Partially cloudy,partly-cloudy-night,
"Marseille, Provence-Alpes-Côte d'Azur, France",2022-12-20T21:00:00,14.1,14.1,11,81.78,0,4.8,,0,,28.3,23.3,118.9,1025,76.6,24.1,4,0,0,10,Partially cloudy,partly-cloudy-night,
"Marseille, Provence-Alpes-Côte d'Azur, France",2022-12-20T22:00:00,14.1,14.1,11.2,82.69,0.1,4.8,rain,0,,29.2,23,116.4,1025,86.4,24.1,0,,0,10,Partially cloudy,partly-cloudy-night,
"Marseille, Provence-Alpes-Côte d'Azur, France",2022-12-20T23:00:00,14,14,11.3,83.6,0,4.8,,0,,28.6,22.2,115.9,1025,90.9,24.1,0,,0,10,Overcast,cloudy,
"Marseille, Provence-Alpes-Côte d'Azur, France",2022-12-21T00:00:00,13.9,13.9,11.4,84.52,0,4.8,,0,,28,21.4,115.3,1025,95.5,24.1,0,,0,10,Overcast,cloudy,
"Marseille, Provence-Alpes-Côte d'Azur, France",2022-12-21T01:00:00,13.9,13.9,11.5,85.45,0.2,4.8,rain,,,27.4,20.5,114.8,1025,100,24.1,0,,0,10,Overcast,cloudy,
"Marseille, Provence-Alpes-Côte d'Azur, France",2022-12-21T02:00:00,13.8,13.8,11.5,85.63,0,9.5,,0,,27.2,20.5,113.6,1024.7,100,24.1,0,,0,10,Overcast,cloudy,
"Marseille, Provence-Alpes-Côte d'Azur, France",2022-12-21T03:00:00,13.8,13.8,11.5,85.82,0,9.5,,0,,27.1,20.5,112.4,1024.3,100,24.1,0,,0,10,Overcast,cloudy,
"Marseille, Provence-Alpes-Côte d'Azur, France",2022-12-21T04:00:00,13.8,13.8,11.5,86.01,0.2,9.5,rain,0,,27,20.5,111.2,1024,100,24.1,0,,0,10,Overcast,cloudy,
"Marseille, Provence-Alpes-Côte d'Azur, France",2022-12-21T05:00:00,13.8,13.8,11.5,86.2,0,9.5,,0,,27.4,20.9,112,1023.7,100,24.1,0,,0,10,Overcast,cloudy,
"Marseille, Provence-Alpes-Côte d'Azur, France",2022-12-21T06:00:00,13.8,13.8,11.6,86.39,0,9.5,,0,,27.7,21.2,112.7,1023.3,100,24.1,0,,0,10,Overcast,cloudy,
"Marseille, Provence-Alpes-Côte d'Azur, France",2022-12-21T07:00:00,13.9,13.9,11.7,86.59,0.1,9.5,rain,,,28.1,21.6,113.5,1023,100,24.1,0,,0,10,Overcast,cloudy,
"Marseille, Provence-Alpes-Côte d'Azur, France",2022-12-21T08:00:00,14,14,11.8,86.6,0,4.8,,0,,28.4,22,116.3,1023,100,24.1,11.3,0,0,10,Overcast,cloudy,
"Marseille, Provence-Alpes-Côte d'Azur, France",2022-12-21T09:00:00,14.1,14.1,11.9,86.61,0,4.8,,0,,28.8,22.3,119.1,1023,100,24.1,22.7,0.1,0,10,Overcast,cloudy,
"Marseille, Provence-Alpes-Côte d'Azur, France",2022-12-21T10:00:00,14.3,14.3,12.1,86.62,0.3,4.8,rain,0,,29.2,22.7,121.9,1023,100,24.1,34,0.1,0,10,Overcast,cloudy,
"Marseille, Provence-Alpes-Côte d'Azur, France",2022-12-21T11:00:00,14.4,14.4,12.3,86.83,0,4.8,,0,,28.9,23.8,126.6,1022.3,100,24.1,92.7,0.3,1,10,Overcast,cloudy,
"Marseille, Provence-Alpes-Côte d'Azur, France",2022-12-21T12:00:00,14.6,14.6,12.5,87.04,0,4.8,,0,,28.7,24.8,131.3,1021.7,100,24.1,151.3,0.6,2,10,Overcast,cloudy,
"Marseille, Provence-Alpes-Côte d'Azur, France",2022-12-21T13:00:00,14.8,14.8,12.7,87.24,0.2,4.8,rain,,,28.4,25.9,136,1021,100,24.1,210,0.8,2,10,Overcast,cloudy,
"Marseille, Provence-Alpes-Côte d'Azur, France",2022-12-21T14:00:00,14.8,14.8,12.7,87.43,0,4.8,,0,,28.7,26,134.7,1020.7,100,24.1,204,0.8,2,10,Overcast,cloudy,
"Marseille, Provence-Alpes-Côte d'Azur, France",2022-12-21T15:00:00,14.8,14.8,12.7,87.62,0,4.8,,0,,28.9,26.2,133.3,1020.3,100,24.1,198,0.7,2,10,Overcast,cloudy,
"Marseille, Provence-Alpes-Côte d'Azur, France",2022-12-21T16:00:00,14.8,14.8,12.8,87.82,0.1,4.8,rain,0,,29.2,26.3,132,1020,100,24.1,192,0.7,2,10,Overcast,cloudy,
"Marseille, Provence-Alpes-Côte d'Azur, France",2022-12-21T17:00:00,14.7,14.7,12.7,88,0,4.8,,0,,29.2,26.2,130.2,1019.7,100,24.1,132,0.5,1,10,Overcast,cloudy,
"Marseille, Provence-Alpes-Côte d'Azur, France",2022-12-21T18:00:00,14.6,14.6,12.7,88.19,0,4.8,,0,,29.2,26,128.3,1019.3,100,24.1,72,0.2,0,10,Overcast,cloudy,
"Marseille, Provence-Alpes-Côte d'Azur, France",2022-12-21T19:00:00,14.6,14.6,12.7,88.38,0.1,4.8,rain,,,29.2,25.9,126.5,1019,100,24.1,12,0,0,10,Overcast,cloudy,
"Marseille, Provence-Alpes-Côte d'Azur, France",2022-12-21T20:00:00,14.5,14.5,12.7,88.57,0,9.5,,0,,29,25.2,125.3,1019,100,24.1,8,0,0,10,Overcast,cloudy,
"Marseille, Provence-Alpes-Côte d'Azur, France",2022-12-21T21:00:00,14.5,14.5,12.7,88.76,0,9.5,,0,,28.9,24.5,124.1,1019,100,24.1,4,0,0,10,Overcast,cloudy,
"Marseille, Provence-Alpes-Côte d'Azur, France",2022-12-21T22:00:00,14.5,14.5,12.7,88.95,0,9.5,,0,,28.8,23.8,122.9,1019,100,24.1,0,,0,10,Overcast,cloudy,
"Marseille, Provence-Alpes-Côte d'Azur, France",2022-12-21T23:00:00,14.4,14.4,12.5,88.56,0,9.5,,0,,27.5,22.4,120.8,1018.3,100,24.1,0,,0,10,Overcast,cloudy,
"Marseille, Provence-Alpes-Côte d'Azur, France",2022-12-22T00:00:00,14.3,14.3,12.4,88.16,0,9.5,,0,,26.2,21.1,118.8,1017.7,100,24.1,0,,0,10,Overcast,cloudy,
"Marseille, Provence-Alpes-Côte d'Azur, France",2022-12-22T01:00:00,14.3,14.3,12.3,87.77,0.1,9.5,rain,,,24.8,19.8,116.7,1017,100,24.1,0,,0,10,Overcast,cloudy,
"Marseille, Provence-Alpes-Côte d'Azur, France",2022-12-22T02:00:00,14.1,14.1,12.1,87.38,0,0,,0,,23.2,18.6,112.9,1016.7,100,24.1,0,,0,10,Overcast,cloudy,
"Marseille, Provence-Alpes-Côte d'Azur, France",2022-12-22T03:00:00,14,14,11.9,86.98,0,0,,0,,21.5,17.4,109.2,1016.3,100,24.1,0,,0,10,Overcast,cloudy,
"Marseille, Provence-Alpes-Côte d'Azur, France",2022-12-22T04:00:00,13.9,13.9,11.7,86.59,0.2,0,rain,0,,19.8,16.2,105.4,1016,100,24.1,0,,0,10,Overcast,cloudy,
"Marseille, Provence-Alpes-Côte d'Azur, France",2022-12-22T05:00:00,13.7,13.7,11.2,85.05,0,0,,0,,17.3,14.8,83.9,1015.7,93.3,24.1,0,,0,10,Overcast,cloudy,
"Marseille, Provence-Alpes-Côte d'Azur, France",2022-12-22T06:00:00,13.4,13.4,10.7,83.54,0,0,,0,,14.8,13.3,62.5,1015.3,86.6,24.1,0,,0,10,Partially cloudy,partly-cloudy-night,
"Marseille, Provence-Alpes-Côte d'Azur, France",2022-12-22T07:00:00,13.3,13.3,10.3,82.04,0.2,0,rain,,,12.2,11.9,41,1015,79.9,24.1,0,,0,10,Partially cloudy,partly-cloudy-night,
"Marseille, Provence-Alpes-Côte d'Azur, France",2022-12-22T08:00:00,13.2,13.2,9.9,80.76,0,0,,0,,13.3,12.2,140.5,1015,54.9,24.1,16,0.1,0,10,Partially cloudy,partly-cloudy-night,
"Marseille, Provence-Alpes-Côte d'Azur, France",2022-12-22T09:00:00,13.1,13.1,9.6,79.49,0,0,,0,,14.4,12.6,240.1,1015,30,24.1,32,0.1,0,10,Partially cloudy,partly-cloudy-day,
"Marseille, Provence-Alpes-Côte d'Azur, France",2022-12-22T10:00:00,13,13,9.3,78.24,0,0,,0,,15.5,13,339.6,1015,5,24.1,48,0.2,0,10,Clear,clear-day,
"Marseille, Provence-Alpes-Côte d'Azur, France",2022-12-22T11:00:00,13.2,13.2,9.3,77.06,0,0,,0,,22.6,18.1,332.8,1014.7,9.3,24.1,138.3,0.5,1,10,Clear,clear-day,
"Marseille, Provence-Alpes-Côte d'Azur, France",2022-12-22T12:00:00,13.5,13.5,9.3,75.9,0,0,,0,,29.6,23.3,325.9,1014.3,13.5,24.1,228.7,0.8,2,10,Clear,clear-day,
"Marseille, Provence-Alpes-Côte d'Azur, France",2022-12-22T13:00:00,13.8,13.8,9.4,74.77,0,0,,,,36.7,28.4,319.1,1014,17.8,24.1,319,1.1,3,10,Clear,clear-day,
"Marseille, Provence-Alpes-Côte d'Azur, France",2022-12-22T14:00:00,13.3,13.3,8.7,73.52,0,0,,0,,40.1,30.6,321.2,1013.7,13.5,24.1,298,1,3,10,Clear,clear-day,
"Marseille, Provence-Alpes-Côte d'Azur, France",2022-12-22T15:00:00,12.9,12.9,8,72.29,0,0,,0,,43.4,32.8,323.3,1013.3,9.3,24.1,277,1,3,10,Clear,clear-day,
"Marseille, Provence-Alpes-Côte d'Azur, France",2022-12-22T16:00:00,12.5,12.5,7.4,71.07,0,0,,0,,46.8,34.9,325.4,1013,5,24.1,256,0.9,3,10,Clear,clear-day,
"Marseille, Provence-Alpes-Côte d'Azur, France",2022-12-22T17:00:00,11.4,11.4,6.2,70.06,0,0,,0,,54.1,40.2,326.7,1013.3,3.3,24.1,175.7,0.6,2,10,Clear,clear-day,
"Marseille, Provence-Alpes-Côte d'Azur, France",2022-12-22T18:00:00,10.4,10.4,4.9,69.05,0,0,,0,,61.4,45.5,327.9,1013.7,1.7,24.1,95.3,0.4,0,10,Clear,clear-night,
"Marseille, Provence-Alpes-Côte d'Azur, France",2022-12-22T19:00:00,9.4,4.6,3.8,68.04,0,0,,,,68.8,50.8,329.2,1014,0,24.1,15,0.1,0,10,Clear,wind,
"Marseille, Provence-Alpes-Côte d'Azur, France",2022-12-22T20:00:00,8.6,3.4,2.9,67.4,0,4.8,,0,,71.5,55.4,327.2,1014.3,0.2,24.1,10,0,0,10,Clear,wind,
"Marseille, Provence-Alpes-Côte d'Azur, France",2022-12-22T21:00:00,7.9,2.2,2.1,66.77,0,4.8,,0,,74.3,60.1,325.3,1014.7,0.5,24.1,5,0,0,10,Clear,wind,
"Marseille, Provence-Alpes-Côte d'Azur, France",2022-12-22T22:00:00,7.2,0.9,1.3,66.13,0,4.8,,0,,77,64.8,323.3,1015,0.7,24.1,0,,0,10,Clear,wind,
"Marseille, Provence-Alpes-Côte d'Azur, France",2022-12-22T23:00:00,6.8,0.7,1.2,67.5,0,4.8,,0,,70.3,60.1,326.3,1015,1.6,24.1,0,,0,10,Clear,wind,
"Marseille, Provence-Alpes-Côte d'Azur, France",2022-12-23T00:00:00,6.5,0.4,1.2,68.9,0,4.8,,0,,63.6,55.4,329.4,1015,2.5,24.1,0,,0,10,Clear,wind,
"Marseille, Provence-Alpes-Côte d'Azur, France",2022-12-23T01:00:00,6.2,0.2,1.2,70.33,0,4.8,,,,56.9,50.8,332.4,1015,3.4,24.1,0,,0,10,Clear,wind,
"Marseille, Provence-Alpes-Côte d'Azur, France",2022-12-23T02:00:00,6,0.2,1.2,71.32,0,9.5,,0,,52.4,47,334.2,1015,3,24.1,0,,0,10,Clear,clear-night,
"Marseille, Provence-Alpes-Côte d'Azur, France",2022-12-23T03:00:00,5.9,0.3,1.3,72.33,0,9.5,,0,,48,43.3,336.1,1015,2.6,24.1,0,,0,10,Clear,clear-night,
"Marseille, Provence-Alpes-Côte d'Azur, France",2022-12-23T04:00:00,5.8,0.3,1.4,73.35,0,9.5,,0,,43.6,39.6,337.9,1015,2.2,24.1,0,,0,10,Clear,clear-night,
"Marseille, Provence-Alpes-Côte d'Azur, France",2022-12-23T05:00:00,5.7,0.4,1.5,74.04,0,9.5,,0,,40.7,37.7,337.7,1015,3.9,24.1,0,,0,10,Clear,clear-night,
"Marseille, Provence-Alpes-Côte d'Azur, France",2022-12-23T06:00:00,5.7,0.5,1.6,74.75,0,9.5,,0,,37.8,35.8,337.6,1015,5.6,24.1,0,,0,10,Clear,clear-night,
"Marseille, Provence-Alpes-Côte d'Azur, France",2022-12-23T07:00:00,5.7,0.6,1.7,75.46,0,9.5,,,,34.9,33.8,337.4,1015,7.3,24.1,0,,0,10,Clear,clear-night,
"Marseille, Provence-Alpes-Côte d'Azur, France",2022-12-23T08:00:00,6.1,1.3,1.7,73.75,0,9.5,,0,,33.1,32.2,338.7,1015.7,6.5,24.1,18.7,0.1,0,10,Clear,clear-night,
"Marseille, Provence-Alpes-Côte d'Azur, France",2022-12-23T09:00:00,6.5,1.9,1.8,72.09,0,9.5,,0,,31.3,30.5,340.1,1016.3,5.8,24.1,37.3,0.1,0,10,Clear,clear-day,
"Marseille, Provence-Alpes-Côte d'Azur, France",2022-12-23T10:00:00,6.9,2.6,1.9,70.47,0,9.5,,0,,29.5,28.8,341.4,1017,5,24.1,56,0.2,1,10,Clear,clear-day,
"Marseille, Provence-Alpes-Côte d'Azur, France",2022-12-23T11:00:00,7.6,3.6,1.8,66.55,0,9.5,,0,,29,28.6,341.4,1017,3.5,24.1,147.7,0.5,1,10,Clear,clear-day,
"Marseille, Provence-Alpes-Côte d'Azur, France",2022-12-23T12:00:00,8.4,4.6,1.7,62.87,0,9.5,,0,,28.6,28.3,341.5,1017,1.9,24.1,239.3,0.9,2,10,Clear,clear-day,
"Marseille, Provence-Alpes-Côte d'Azur, France",2022-12-23T13:00:00,9.2,5.6,1.7,59.41,0,9.5,,,,28.1,28.1,341.5,1017,0.4,24.1,331,1.2,3,10,Clear,clear-day,
"Marseille, Provence-Alpes-Côte d'Azur, France",2022-12-23T14:00:00,9.4,6,1.9,59.2,0,14.3,,0,,27.4,27.4,339.2,1017,1.3,24.1,313,1.1,3,10,Clear,clear-day,
"Marseille, Provence-Alpes-Côte d'Azur, France",2022-12-23T15:00:00,9.7,6.4,2.1,58.98,0,14.3,,0,,26.6,26.6,336.8,1017,2.1,24.1,295,1.1,3,10,Clear,clear-day,
"Marseille, Provence-Alpes-Côte d'Azur, France",2022-12-23T16:00:00,10,6.8,2.3,58.77,0,14.3,,0,,25.9,25.9,334.5,1017,3,24.1,277,1,3,10,Clear,clear-day,
"Marseille, Provence-Alpes-Côte d'Azur, France",2022-12-23T17:00:00,9.6,6.5,2.4,60.66,0,14.3,,0,,23.8,23.6,330.8,1017,3.7,24.1,190,0.7,2,10,Clear,clear-day,
"Marseille, Provence-Alpes-Côte d'Azur, France",2022-12-23T18:00:00,9.2,6.3,2.4,62.62,0,14.3,,0,,21.6,21.4,327.2,1017,4.3,24.1,103,0.4,0,10,Clear,clear-night,
"Marseille, Provence-Alpes-Côte d'Azur, France",2022-12-23T19:00:00,8.9,6,2.6,64.65,0,14.3,,,,19.4,19.1,323.5,1017,5,24.1,16,0.1,0,10,Clear,clear-night,
"Marseille, Provence-Alpes-Côte d'Azur, France",2022-12-23T20:00:00,8.9,6.3,2.6,64.65,0,14.3,,0,,17.2,17,327.9,1017,4.9,24.1,10.7,0,0,10,Clear,clear-night,
"Marseille, Provence-Alpes-Côte d'Azur, France",2022-12-23T21:00:00,8.9,6.5,2.6,64.65,0,14.3,,0,,14.9,15,332.3,1017,4.8,24.1,5.3,0,0,10,Clear,clear-night,
"Marseille, Provence-Alpes-Côte d'Azur, France",2022-12-23T22:00:00,8.9,6.8,2.6,64.65,0,14.3,,0,,12.6,13,336.7,1017,4.7,24.1,0,,0,10,Clear,clear-night,
"Marseille, Provence-Alpes-Côte d'Azur, France",2022-12-23T23:00:00,9,7.1,2.7,64.53,0,14.3,,0,,11.6,12.1,338.6,1017,26.8,24.1,0,,0,10,Partially cloudy,partly-cloudy-night,
"Marseille, Provence-Alpes-Côte d'Azur, France",2022-12-24T00:00:00,9.2,7.5,2.8,64.42,0,14.3,,0,,10.7,11.3,340.5,1017,48.9,24.1,0,,0,10,Partially cloudy,partly-cloudy-night,
"Marseille, Provence-Alpes-Côte d'Azur, France",2022-12-24T01:00:00,9.4,7.8,3,64.3,0,14.3,,,,9.7,10.4,342.4,1017,71,24.1,0,,0,10,Partially cloudy,partly-cloudy-night,
"Marseille, Provence-Alpes-Côte d'Azur, France",2022-12-24T02:00:00,9.4,7.6,3,64.61,0,4.8,,0,,10.4,11.5,342,1017,68.4,24.1,0,,0,10,Partially cloudy,partly-cloudy-night,
"Marseille, Provence-Alpes-Côte d'Azur, France",2022-12-24T03:00:00,9.4,7.5,3.1,64.91,0,4.8,,0,,11.2,12.6,341.5,1017,65.8,24.1,0,,0,10,Partially cloudy,partly-cloudy-night,
"Marseille, Provence-Alpes-Côte d'Azur, France",2022-12-24T04:00:00,9.4,7.3,3.2,65.22,0,4.8,,0,,11.9,13.7,341.1,1017,63.2,24.1,0,,0,10,Partially cloudy,partly-cloudy-night,
"Marseille, Provence-Alpes-Côte d'Azur, France",2022-12-24T05:00:00,9.5,7.4,3.2,64.94,0,4.8,,0,,12.1,13.8,345.8,1016.7,69.7,24.1,0,,0,10,Partially cloudy,partly-cloudy-night,
"Marseille, Provence-Alpes-Côte d'Azur, France",2022-12-24T06:00:00,9.6,7.6,3.3,64.67,0,4.8,,0,,12.4,13.9,350.5,1016.3,76.2,24.1,0,,0,10,Partially cloudy,partly-cloudy-night,
"Marseille, Provence-Alpes-Côte d'Azur, France",2022-12-24T07:00:00,9.8,7.7,3.4,64.39,0,4.8,,,,12.6,14,355.2,1016,82.7,24.1,0,,0,10,Partially cloudy,partly-cloudy-night,
"Marseille, Provence-Alpes-Côte d'Azur, France",2022-12-24T08:00:00,9.8,7.7,3.2,63.65,0,4.8,,0,,13.7,14.4,240,1016.3,88.5,24.1,9.3,0,0,10,Partially cloudy,partly-cloudy-night,
"Marseille, Provence-Alpes-Côte d'Azur, France",2022-12-24T09:00:00,9.8,7.7,3.1,62.91,0,4.8,,0,,14.8,14.8,124.8,1016.7,94.2,24.1,18.7,0.1,0,10,Overcast,cloudy,
"Marseille, Provence-Alpes-Côte d'Azur, France",2022-12-24T10:00:00,9.9,7.7,3,62.18,0.1,4.8,rain,0,,15.8,15.1,9.6,1017,100,24.1,28,0.1,0,10,Overcast,cloudy,
"Marseille, Provence-Alpes-Côte d'Azur, France",2022-12-24T11:00:00,9.8,7.8,3.2,63.64,0,4.8,,0,,14.4,13.9,8.9,1016.7,100,24.1,45.3,0.2,0,10,Overcast,cloudy,
"Marseille, Provence-Alpes-Côte d'Azur, France",2022-12-24T12:00:00,9.7,7.8,3.4,65.13,0,4.8,,0,,13,12.7,8.3,1016.3,100,24.1,62.7,0.2,1,10,Overcast,cloudy,
"Marseille, Provence-Alpes-Côte d'Azur, France",2022-12-24T13:00:00,9.6,7.9,3.7,66.66,0.2,4.8,rain,,,11.5,11.5,7.6,1016,100,24.1,80,0.3,1,10,Overcast,cloudy,
"Marseille, Provence-Alpes-Côte d'Azur, France",2022-12-24T14:00:00,9.6,7.7,4.5,70.84,0,14.3,,0,,12.8,12.5,14.2,1016,100,24.1,61.3,0.2,1,10,Overcast,cloudy,
"Marseille, Provence-Alpes-Côte d'Azur, France",2022-12-24T15:00:00,9.6,7.6,5.4,75.24,0,14.3,,0,,14.2,13.4,20.9,1016,100,24,42.7,0.2,0,10,Overcast,cloudy,
"Marseille, Provence-Alpes-Côte d'Azur, France",2022-12-24T16:00:00,9.6,7.4,6.3,79.89,0.9,14.3,rain,0,,15.5,14.4,27.5,1016,100,24,24,0.1,0,10,Overcast,cloudy,
"Marseille, Provence-Alpes-Côte d'Azur, France",2022-12-24T17:00:00,9.8,8,6.1,78.11,0,14.3,,0,,14,12.1,34,1015.7,100,24,16.3,0.1,0,10,Overcast,cloudy,
"Marseille, Provence-Alpes-Côte d'Azur, France",2022-12-24T18:00:00,10,8.6,6,76.36,0,14.3,,0,,12.6,9.8,40.5,1015.3,100,24.1,8.7,0,0,10,Overcast,cloudy,
"Marseille, Provence-Alpes-Côte d'Azur, France",2022-12-24T19:00:00,10.2,10.2,5.9,74.65,0.3,14.3,rain,,,11.2,7.6,47,1015,100,24.1,1,0,0,10,Overcast,cloudy,
"Marseille, Provence-Alpes-Côte d'Azur, France",2022-12-24T20:00:00,10.2,10.2,5.6,73.13,0,9.5,,0,,11.8,7.9,51.7,1015.3,100,24.1,0.7,0,0,10,Overcast,cloudy,
"Marseille, Provence-Alpes-Côte d'Azur, France",2022-12-24T21:00:00,10.3,10.3,5.4,71.64,0,9.5,,0,,12.4,8.3,56.5,1015.7,100,24.1,0.3,0,0,10,Overcast,cloudy,
"Marseille, Provence-Alpes-Côte d'Azur, France",2022-12-24T22:00:00,10.4,10.4,5.2,70.17,0,9.5,,0,,13,8.6,61.2,1016,100,24.1,0,,0,10,Overcast,cloudy,
"Marseille, Provence-Alpes-Côte d'Azur, France",2022-12-24T23:00:00,10.4,10.4,5.1,69.85,0,9.5,,0,,14.3,9.8,66.7,1015.3,100,24.1,0,,0,10,Overcast,cloudy,
"Marseille, Provence-Alpes-Côte d'Azur, France",2022-12-25T00:00:00,10.4,10.4,5,69.53,0,9.5,,0,,15.6,11,72.3,1014.7,100,24.1,0,,0,10,Overcast,cloudy,
"Marseille, Provence-Alpes-Côte d'Azur, France",2022-12-25T01:00:00,10.4,10.4,5,69.2,0,9.5,,,,16.9,12.2,77.8,1014,100,24.1,0,,0,10,Overcast,cloudy,
"Marseille, Provence-Alpes-Côte d'Azur, France",2022-12-25T02:00:00,10.3,10.3,4.6,67.6,0,4.8,,0,,21,16.1,79.5,1013.7,100,24.1,0,,0,10,Overcast,cloudy,
"Marseille, Provence-Alpes-Côte d'Azur, France",2022-12-25T03:00:00,10.2,10.2,4.2,66.03,0,4.8,,0,,25.1,19.9,81.1,1013.3,100,24.1,0,,0,10,Overcast,cloudy,
"Marseille, Provence-Alpes-Côte d'Azur, France",2022-12-25T04:00:00,10.2,10.2,3.8,64.48,0.2,4.8,rain,0,,29.2,23.8,82.8,1013,100,24.1,0,,0,10,Overcast,cloudy,
"Marseille, Provence-Alpes-Côte d'Azur, France",2022-12-25T05:00:00,9.9,6.8,4,66.74,0,4.8,,0,,31.1,25.8,88.7,1013,100,23.3,0,,0,10,Overcast,cloudy,
"Marseille, Provence-Alpes-Côte d'Azur, France",2022-12-25T06:00:00,9.7,6.3,4.3,69.07,0,4.8,,0,,33,27.8,94.6,1013,100,22.4,0,,0,10,Overcast,cloudy,
"Marseille, Provence-Alpes-Côte d'Azur, France",2022-12-25T07:00:00,9.5,5.9,4.6,71.48,0.4,4.8,rain,,,34.9,29.9,100.5,1013,100,21.6,0,,0,10,Overcast,cloudy,
"Marseille, Provence-Alpes-Côte d'Azur, France",2022-12-25T08:00:00,9.5,5.9,4.5,70.99,0,14.3,,0,,35.5,29.9,97.5,1012.7,100,22.4,3,0,0,10,Overcast,cloudy,
"Marseille, Provence-Alpes-Côte d'Azur, France",2022-12-25T09:00:00,9.5,6,4.4,70.5,0,14.3,,0,,36.1,29.9,94.4,1012.3,100,23.3,6,0,0,10,Overcast,cloudy,
"Marseille, Provence-Alpes-Côte d'Azur, France",2022-12-25T10:00:00,9.6,6,4.4,70.01,0.4,14.3,rain,0,,36.7,29.9,91.4,1012,100,24.1,9,0,0,10,Overcast,cloudy,
"Marseille, Provence-Alpes-Côte d'Azur, France",2022-12-25T11:00:00,9.4,5.8,4.6,71.97,0,14.3,,0,,35,29.2,89.1,1011.3,100,24,17,0,0,10,Overcast,cloudy,
"Marseille, Provence-Alpes-Côte d'Azur, France",2022-12-25T12:00:00,9.2,5.7,4.8,73.97,0,14.3,,0,,33.4,28.4,86.9,1010.7,100,23.9,25,0.1,0,10,Overcast,cloudy,
"Marseille, Provence-Alpes-Côte d'Azur, France",2022-12-25T13:00:00,9.1,5.5,5.1,76.04,0.8,14.3,rain,,,31.7,27.7,84.6,1010,100,23.8,33,0.1,0,10,Overcast,cloudy,
"Marseille, Provence-Alpes-Côte d'Azur, France",2022-12-25T14:00:00,8.7,5.5,4.7,76.15,0,14.3,,0,,26,22.3,64.8,1009.3,100,23.6,28,0.1,0,10,Overcast,cloudy,
"Marseille, Provence-Alpes-Côte d'Azur, France",2022-12-25T15:00:00,8.3,5.6,4.4,76.27,0,14.3,,0,,20.4,16.9,45.1,1008.7,100,23.5,23,0.1,0,10,Overcast,cloudy,
"Marseille, Provence-Alpes-Côte d'Azur, France",2022-12-25T16:00:00,8,5.9,4.1,76.39,1.1,14.3,rain,0,,14.8,11.5,25.3,1008,100,23.3,18,0.1,0,10,Overcast,cloudy,
"Marseille, Provence-Alpes-Côte d'Azur, France",2022-12-25T17:00:00,7.6,4.9,4.3,79.61,0,14.3,,0,,16.1,15,22.2,1008.3,100,22.8,12.3,0.1,0,10,Overcast,cloudy,
"Marseille, Provence-Alpes-Côte d'Azur, France",2022-12-25T18:00:00,7.2,4.1,4.5,82.97,0,14.3,,0,,17.4,18.5,19.2,1008.7,100,22.2,6.7,0,0,10,Overcast,cloudy,
"Marseille, Provence-Alpes-Côte d'Azur, France",2022-12-25T19:00:00,6.9,3.2,4.8,86.48,1.2,14.3,rain,,,18.7,22,16.1,1009,100,21.7,1,0,0,10,Overcast,cloudy,
"Marseille, Provence-Alpes-Côte d'Azur, France",2022-12-25T20:00:00,6.5,2.6,4.6,87.86,0,19,,0,,19.6,22.9,125,1008.7,100,18.4,0.7,0,0,10,Overcast,cloudy,
"Marseille, Provence-Alpes-Côte d'Azur, France",2022-12-25T21:00:00,6.1,2,4.4,89.27,0,19,,0,,20.4,23.9,233.9,1008.3,100,15,0.3,0,0,10,Overcast,cloudy,
"Marseille, Provence-Alpes-Côte d'Azur, France",2022-12-25T22:00:00,5.7,1.4,4.3,90.71,1.4,19,rain,0,,21.2,24.8,342.8,1008,100,11.7,0,,0,10,Overcast,cloudy,
"Marseille, Provence-Alpes-Côte d'Azur, France",2022-12-25T23:00:00,4.6,-0.2,3.5,92.36,0,19,,0,,25.7,28,337.2,1007.7,100,9.9,0,,0,10,Overcast,cloudy,
"Marseille, Provence-Alpes-Côte d'Azur, France",2022-12-26T00:00:00,3.6,-1.9,2.7,94.06,0,19,,0,,30.1,31.1,331.6,1007.3,100,8.1,0,,0,10,Overcast,cloudy,
"Marseille, Provence-Alpes-Côte d'Azur, France",2022-12-26T01:00:00,2.6,-3.5,2,95.82,2.2,19,rain,,,34.6,34.2,326,1007,100,6.3,0,,0,10,Overcast,cloudy,
"Marseille, Provence-Alpes-Côte d'Azur, France",2022-12-26T02:00:00,2.5,-3.7,1.3,91.79,0,14.3,,0,,37,35.8,327.1,1006,100,12.2,0,,0,10,Overcast,cloudy,
"Marseille, Provence-Alpes-Côte d'Azur, France",2022-12-26T03:00:00,2.4,-3.9,0.6,87.9,0,14.3,,0,,39.4,37.3,328.2,1005,100,18.2,0,,0,10,Overcast,cloudy,
"Marseille, Provence-Alpes-Côte d'Azur, France",2022-12-26T04:00:00,2.4,-4.1,0,84.16,0.1,14.3,snow,0,,41.8,38.9,329.3,1004,100,24.1,0,,0,10,Overcast,cloudy,
"Marseille, Provence-Alpes-Côte d'Azur, France",2022-12-26T05:00:00,2.2,-4.6,-0.3,83.13,0,14.3,,0,,45.5,42.2,328.9,1003.7,100,24.1,0,,0,10,Overcast,cloudy,
"Marseille, Provence-Alpes-Côte d'Azur, France",2022-12-26T06:00:00,2.1,-5,-0.6,82.11,0,14.3,,0,,49.2,45.6,328.5,1003.3,100,24.1,0,,0,10,Overcast,cloudy,
"Marseille, Provence-Alpes-Côte d'Azur, France",2022-12-26T07:00:00,2,-5.4,-0.9,81.1,0,14.3,,,,52.9,49,328.1,1003,100,24.1,0,,0,10,Overcast,wind,
"Marseille, Provence-Alpes-Côte d'Azur, France",2022-12-26T08:00:00,2.1,-5.5,-1.1,79.94,0,19,,0,,55.9,52.1,328.5,1003,95.8,24.1,12.7,0,0,10,Overcast,wind,
"Marseille, Provence-Alpes-Côte d'Azur, France",2022-12-26T09:00:00,2.2,-5.5,-1.1,78.79,0,19,,0,,58.9,55.2,328.8,1003,91.5,24.1,25.3,0.1,0,10,Overcast,wind,
"Marseille, Provence-Alpes-Côte d'Azur, France",2022-12-26T10:00:00,2.3,-5.5,-1.2,77.66,0,19,,0,,61.9,58.3,329.2,1003,87.3,24.1,38,0.1,0,10,Partially cloudy,wind,
"Marseille, Provence-Alpes-Côte d'Azur, France",2022-12-26T11:00:00,2.5,-5.4,-1.2,76.58,0,19,,0,,66.6,61.9,328.5,1003,59.9,24.1,132.3,0.5,1,10,Partially cloudy,wind,
"Marseille, Provence-Alpes-Côte d'Azur, France",2022-12-26T12:00:00,2.8,-5.2,-1.1,75.51,0,19,,0,,71.3,65.5,327.7,1003,32.4,24.1,226.7,0.8,2,10,Partially cloudy,wind,
"Marseille, Provence-Alpes-Côte d'Azur, France",2022-12-26T13:00:00,3.1,-5,-1,74.46,0,19,,,,76,69.1,327,1003,5,24.1,321,1.2,3,10,Clear,wind,
"Marseille, Provence-Alpes-Côte d'Azur, France",2022-12-26T14:00:00,3.1,-5.1,-1.5,72.13,0,19,,0,,79.9,70.9,326.4,1003,4.7,24.1,311.7,1.2,3,10,Clear,wind,
"Marseille, Provence-Alpes-Côte d'Azur, France",2022-12-26T15:00:00,3.1,-5.1,-1.9,69.87,0,19,,0,,83.9,72.7,325.9,1003,4.5,24.1,302.3,1.1,3,10,Clear,wind,
"Marseille, Provence-Alpes-Côte d'Azur, France",2022-12-26T16:00:00,3.1,-5.2,-2.3,67.67,0,19,,0,,87.8,74.5,325.3,1003,4.2,24.1,293,1.1,3,10,Clear,wind,
"Marseille, Provence-Alpes-Côte d'Azur, France",2022-12-26T17:00:00,2.9,-5.5,-2.4,67.97,0,19,,0,,91,75.2,324.5,1002.7,4,24.1,201.7,0.8,2,10,Clear,wind,
"Marseille, Provence-Alpes-Côte d'Azur, France",2022-12-26T18:00:00,2.7,-5.8,-2.5,68.27,0,19,,0,,94.1,76,323.7,1002.3,3.7,24.1,110.3,0.4,0,10,Clear,wind,
"Marseille, Provence-Alpes-Côte d'Azur, France",2022-12-26T19:00:00,2.6,-6,-2.6,68.57,0,19,,,,97.2,76.7,322.9,1002,3.5,24.1,19,0.1,0,10,Clear,wind,
"Marseille, Provence-Alpes-Côte d'Azur, France",2022-12-26T20:00:00,2.4,-6.2,-2.7,69.05,0,19,,0,,98,77.6,322.8,1002,4.2,24.1,12.7,0,0,10,Clear,wind,
"Marseille, Provence-Alpes-Côte d'Azur, France",2022-12-26T21:00:00,2.3,-6.5,-2.7,69.54,0,19,,0,,98.9,78.6,322.6,1002,4.9,24.1,6.3,0,0,10,Clear,wind,
"Marseille, Provence-Alpes-Côte d'Azur, France",2022-12-26T22:00:00,2.2,-6.7,-2.7,70.03,0,19,,0,,99.7,79.6,322.5,1002,5.6,24.1,0,,0,10,Clear,wind,
"Marseille, Provence-Alpes-Côte d'Azur, France",2022-12-26T23:00:00,2.1,-6.7,-3,68.99,0,19,,0,,100.1,78.4,323,1002,5.3,24.1,0,,0,10,Clear,wind,
"Marseille, Provence-Alpes-Côte d'Azur, France",2022-12-27T00:00:00,2.1,-6.7,-3.2,67.96,0,19,,0,,100.4,77.2,323.4,1002,5.1,24.1,0,,0,10,Clear,wind,
"Marseille, Provence-Alpes-Côte d'Azur, France",2022-12-27T01:00:00,2.1,-6.7,-3.4,66.95,0,19,,,,100.8,76,323.9,1002,4.8,24.1,0,,0,10,Clear,wind,
"Marseille, Provence-Alpes-Côte d'Azur, France",2022-12-27T02:00:00,2.1,-6.6,-3.5,66.46,0,23.8,,0,,100.3,75.1,322.2,1002,4.3,24.1,0,,0,10,Clear,wind,
"Marseille, Provence-Alpes-Côte d'Azur, France",2022-12-27T03:00:00,2.1,-6.5,-3.6,65.97,0,23.8,,0,,99.8,74.3,320.5,1002,3.9,24.1,0,,0,10,Clear,wind,
"Marseille, Provence-Alpes-Côte d'Azur, France",2022-12-27T04:00:00,2.2,-6.4,-3.6,65.49,0,23.8,,0,,99.4,73.4,318.8,1002,3.4,24.1,0,,0,10,Clear,wind,
"Marseille, Provence-Alpes-Côte d'Azur, France",2022-12-27T05:00:00,2.1,-6.6,-3.6,66.12,0,23.8,,0,,99.8,74.6,322.4,1001.3,2.5,24.1,0,,0,10,Clear,wind,
"Marseille, Provence-Alpes-Côte d'Azur, France",2022-12-27T06:00:00,2,-6.8,-3.6,66.76,0,23.8,,0,,100.3,75.8,326.1,1000.7,1.7,24.1,0,,0,10,Clear,wind,
"Marseille, Provence-Alpes-Côte d'Azur, France",2022-12-27T07:00:00,1.9,-7,-3.5,67.41,0,23.8,,,,100.8,77,329.7,1000,0.8,24.1,0,,0,10,Clear,wind,
"Marseille, Provence-Alpes-Côte d'Azur, France",2022-12-27T08:00:00,1.9,-6.9,-3.6,67.08,0,19,,0,,99.2,76.1,327,1001,1,24.1,19.3,0.1,0,10,Clear,wind,
"Marseille, Provence-Alpes-Côte d'Azur, France",2022-12-27T09:00:00,1.9,-6.8,-3.6,66.75,0,19,,0,,97.7,75.1,324.2,1002,1.2,24.1,38.7,0.1,0,10,Clear,wind,
"Marseille, Provence-Alpes-Côte d'Azur, France",2022-12-27T10:00:00,2,-6.8,-3.6,66.43,0,19,,0,,96.1,74.2,321.5,1003,1.4,24.1,58,0.2,1,10,Clear,wind,
"Marseille, Provence-Alpes-Côte d'Azur, France",2022-12-27T11:00:00,2.3,-6.3,-3.5,65.51,0,19,,0,,95.4,73.7,321.8,1003.3,1.4,24.1,154.3,0.5,2,10,Clear,wind,
"Marseille, Provence-Alpes-Côte d'Azur, France",2022-12-27T12:00:00,2.6,-5.9,-3.4,64.61,0,19,,0,,94.7,73.2,322,1003.7,1.4,24.1,250.7,0.9,3,10,Clear,wind,
"Marseille, Provence-Alpes-Côte d'Azur, France",2022-12-27T13:00:00,2.9,-5.4,-3.3,63.72,0,19,,,,94,72.7,322.3,1004,1.4,24.1,347,1.2,3,10,Clear,wind,
"Marseille, Provence-Alpes-Côte d'Azur, France",2022-12-27T14:00:00,2.9,-5.3,-3.4,63.1,0,9.5,,0,,93.2,71.8,322.8,1004.3,1.6,24.1,330.3,1.2,3,10,Clear,wind,
"Marseille, Provence-Alpes-Côte d'Azur, France",2022-12-27T15:00:00,2.9,-5.2,-3.5,62.48,0,9.5,,0,,92.5,70.8,323.4,1004.7,1.7,24.1,313.7,1.1,3,10,Clear,wind,
"Marseille, Provence-Alpes-Côte d'Azur, France",2022-12-27T16:00:00,3,-5.1,-3.6,61.87,0,9.5,,0,,91.8,69.8,323.9,1005,1.9,24.1,297,1.1,3,10,Clear,wind,
"Marseille, Provence-Alpes-Côte d'Azur, France",2022-12-27T17:00:00,2.7,-5.6,-3.8,62.58,0,9.5,,0,,92.9,71,324.2,1005.7,1.9,24.1,204.3,0.8,2,10,Clear,wind,
"Marseille, Provence-Alpes-Côte d'Azur, France",2022-12-27T18:00:00,2.4,-6.1,-3.9,63.29,0,9.5,,0,,94,72.2,324.4,1006.3,1.8,24.1,111.7,0.4,0,10,Clear,wind,
"Marseille, Provence-Alpes-Côte d'Azur, France",2022-12-27T19:00:00,2.1,-6.6,-4,64.01,0,9.5,,,,95,73.4,324.7,1007,1.8,24.1,19,0.1,0,10,Clear,wind,
"Marseille, Provence-Alpes-Côte d'Azur, France",2022-12-27T20:00:00,1.8,-6.9,-4,65.09,0,14.3,,0,,94.4,73.4,323.9,1007.7,1.6,24.1,12.7,0,0,10,Clear,wind,
"Marseille, Provence-Alpes-Côte d'Azur, France",2022-12-27T21:00:00,1.6,-7.2,-4,66.18,0,14.3,,0,,93.8,73.4,323.2,1008.3,1.3,24.1,6.3,0,0,10,Clear,wind,
"Marseille, Provence-Alpes-Côte d'Azur, France",2022-12-27T22:00:00,1.4,-7.6,-4,67.3,0,14.3,,0,,93.2,73.4,322.4,1009,1.1,24.1,0,,0,10,Clear,wind,
"Marseille, Provence-Alpes-Côte d'Azur, France",2022-12-27T23:00:00,1.3,-7.6,-4.1,67.45,0,14.3,,0,,91.8,72.8,321.4,1009.7,1.7,24.1,0,,0,10,Clear,wind,